method,reference_method,composite_score,count,SIFT_KP,AvgGra,Contrast,EME,EMEE,UCIQE,UIQM,Entropy,MS_SSIM,PSNR,SIFT_KP_log_delta,AvgGra_log_delta,Contrast_log_delta,EME_log_delta,EMEE_log_delta,UCIQE_log_delta,UIQM_log_delta,Entropy_log_delta,MS_SSIM_log_delta,PSNR_log_delta,ms_ssim_drop,psnr_drop,hard_ms_ssim_limit,hard_psnr_limit,hard_qualified,dynamic_gain_ratio,dynamic_ms_ssim_limit,dynamic_psnr_limit,qualified
r2_02_G_P,r2_00_baseline,0.02214507869386232,506,4190.541501976285,17.42270520940443,686.2309785125515,14.421486875969245,1.1120202899326532,4.687474687580063,28.916859144487656,5.907542491610401,0.6999994161807501,16.10460487471404,7.198002938500216e-05,-9.638197228837742e-06,-0.00010084558782373088,-1.443201102239954e-05,-1.1465221390854735e-05,0.00029890891302411054,-3.2805051898969235e-05,1.642549597389536e-06,-6.99550860771078e-06,2.510087290462387e-05,0.0001224320043217153,-0.020199303852869832,0.02,0.2,True,0.07381692897954108,0.020369084644897707,0.20369084644897706,True
r2_00_baseline,r2_00_baseline,0.0,506,4189.033596837945,17.42375476269773,686.8079156218637,14.423568336739635,1.1121796708385723,4.675813151147997,28.92634689128293,5.9073807699649965,0.7001218481850718,16.08440557086117,0.0,0.0,0.0,0.0,0.0,0.0,0.0,0.0,0.0,0.0,0.0,0.0,0.02,0.2,True,0.0,0.02,0.2,True
r2_05_G_P_A_B,r2_00_baseline,-0.04134888010577109,506,4178.413043478261,17.388447098286633,683.7496104736888,14.393424061437491,1.1104179084953505,4.725256354441284,28.91812159797733,5.9033070411640995,0.7011498279368924,16.11600181085664,-0.0005077084811952303,-0.00032455449184567374,-0.000535544433446507,-0.00020921188358980188,-0.0001268254929813361,0.0012622476827963205,-2.8439342863984518e-05,-4.13902630590303e-05,5.868840153023036e-05,3.9249503597301857e-05,-0.0010279797518205624,-0.031596239995472786,0.02,0.2,True,0.0,0.02,0.2,True
r2_08_G_P_A2_B,r2_00_baseline,-0.12007329962553057,506,4187.055335968379,17.429245293432633,686.8445194306256,14.415905723214195,1.1117193483174108,4.635707745203388,28.877924559893714,5.915583716416735,0.7004532574311547,16.102306225438753,-9.447181959113199e-05,5.041086410849335e-05,6.395296132232303e-06,-5.313976038048413e-05,-3.311823231947008e-05,-0.0010337040588426986,-0.00016753897765132907,8.325777626456078e-05,1.8929895324629134e-05,2.2246020699892704e-05,-0.000331409246082881,-0.017900654577584163,0.02,0.2,True,0.0,0.02,0.2,True
