stem,mean_abs_bgr_delta,mean_abs_luma_delta,mean_abs_chroma_delta,psnr_vs_raw,raw_grad_mean,final_grad_mean,grad_mean_ratio,raw_luma_std,final_luma_std,luma_std_ratio
donghaiyuanjia.26,17.893701553344727,1.3181445598602295,7.923393726348877,21.061223613503724,0.1369740515947342,0.13554801046848297,0.989588961564345,3.7566277980804443,3.753779888153076,0.9992418969672573
jianci.4,6.923831462860107,0.8688671588897705,7.012470722198486,30.548499420033785,0.09206895530223846,0.09397344291210175,1.0206854371587677,2.3525359630584717,2.4065849781036377,1.02297478757856
tama.14,4.123899936676025,0.9994823932647705,2.071030378341675,34.013210584627075,0.07134579867124557,0.07131940871477127,0.9996300979651793,4.83247709274292,4.828764915466309,0.9992318270310235
weixiaoyuanjia.21,18.039989471435547,1.7868750095367432,8.381455421447754,21.14105293680174,0.09525825828313828,0.09966638684272766,1.0462755418035408,2.1033055782318115,2.110011339187622,1.003188200526839
weixiaoyuanjia.26,18.81846046447754,1.9207714796066284,8.412749290466309,20.797050291533957,0.10864543169736862,0.10667107254266739,0.9818274905287477,4.623152732849121,4.565031051635742,0.9874281284743565
xuehong.13,5.175230979919434,0.9497949481010437,2.793086051940918,32.178889109260346,0.20626169443130493,0.2070396989583969,1.0037719244257404,13.63573932647705,13.64234447479248,1.0004843996468984
xuehong.9,5.172311305999756,0.9500488042831421,2.7928760051727295,32.17120661262848,0.21068525314331055,0.21134743094444275,1.0031429669998726,14.086190223693848,14.093844413757324,1.0005433824860648
