stem,mean_abs_bgr_delta,mean_abs_luma_delta,mean_abs_chroma_delta,psnr_vs_raw,raw_grad_mean,final_grad_mean,grad_mean_ratio,raw_luma_std,final_luma_std,luma_std_ratio
donghaiyuanjia.26,8.058724403381348,0.9051074385643005,2.9929003715515137,27.57056518190131,0.1369740515947342,0.13492268323898315,0.9850236645781342,3.7566277980804443,3.7758257389068604,1.0051104184000117
jianci.4,2.6907129287719727,0.006953124888241291,2.498154401779175,39.166810099843815,0.09206895530223846,0.09207385778427124,1.0000532370760964,2.3525359630584717,2.3527987003326416,1.0001116821498943
tama.14,1.6099283695220947,0.9956152439117432,0.6740771532058716,41.368239045312585,0.07134579867124557,0.07151591032743454,1.0023843121385256,4.83247709274292,4.79855489730835,0.9929803709823078
weixiaoyuanjia.21,7.905914783477783,1.0012987852096558,3.0644335746765137,27.877346428088053,0.09525825828313828,0.09539757668972015,1.001462523120098,2.1033055782318115,2.1228790283203125,1.0093060415385051
weixiaoyuanjia.26,8.20994758605957,0.9602148532867432,2.995795965194702,27.429293174897175,0.10864543169736862,0.10702687501907349,0.9851023863763917,4.623152732849121,4.637061595916748,1.0030085231590535
xuehong.13,2.0111589431762695,0.9394335746765137,0.9793994426727295,40.73174935844409,0.20626169443130493,0.20939792692661285,1.0152051086788068,13.63573932647705,13.60933780670166,0.9980637998320935
xuehong.9,2.013252019882202,0.9453027248382568,0.9796484112739563,40.7282951315662,0.21068525314331055,0.21365675330162048,1.014103973106199,14.086190223693848,14.059215545654297,0.9980850266389089
