method,reference_method,composite_score,count,SIFT_KP,AvgGra,Contrast,EME,EMEE,UCIQE,UIQM,Entropy,MS_SSIM,PSNR,SIFT_KP_log_delta,AvgGra_log_delta,Contrast_log_delta,EME_log_delta,EMEE_log_delta,UCIQE_log_delta,UIQM_log_delta,Entropy_log_delta,MS_SSIM_log_delta,PSNR_log_delta
bph00_baseline,bph00_baseline,0.0,5,5260.6,22.63797950144006,883.2037901645768,19.973155402748095,1.423192763935464,4.818271160125732,40.43609375086784,6.518734103937521,0.6194288313388825,12.680722858091633,0.0,0.0,0.0,0.0,0.0,0.0,0.0,0.0,0.0,0.0
bph10_gp_strict,bph00_baseline,-0.17504296003362355,5,5290.2,22.562818099413654,879.7937480407523,20.08337626414127,1.4297554749042583,4.7046948909759525,40.47559514945031,6.521447608599042,0.619360500574112,12.648828210890713,0.0011221927307049808,-0.0005321072213711206,-0.000464215696623397,0.0005503279239649067,0.0003680528065901078,-0.0028625112163654263,9.764077911770532e-05,2.4970554184790156e-05,-4.4127447965015345e-06,-5.036751574228064e-05
