{
  "run_id": "smoke25_fast_imf_v8",
  "status": "complete_smoke25_fast_imf_v8_review_pending",
  "decision": "inspect_worst_panels_before_168_gate",
  "manifest": "experiments\\full_flow_downstream_stage1_mainline_v1\\manifests\\smoke25_v1.txt",
  "output_root": "experiments\\full_flow_downstream_stage1_mainline_v1\\outputs\\smoke25_v1_fast_imf_v8",
  "expected_images": 25,
  "runtime_sec": 11.6,
  "sec_per_image": 0.46399999999999997,
  "projected_168_min": 1.2992,
  "stage_counts": {
    "jpg": {
      "BPH": 25,
      "IMF1Ray": 25,
      "RGHS": 25,
      "CLAHE": 25,
      "Fused": 25,
      "Final": 25
    },
    "png": {
      "BPH": 25,
      "IMF1Ray": 25,
      "RGHS": 25,
      "CLAHE": 25,
      "Fused": 25,
      "Final": 25
    }
  },
  "missing_files": [],
  "decode_failures": [],
  "final_rows": [
    {
      "stem": "chazhuang.1",
      "mean_abs_bgr_delta": 6.022942543029785,
      "mean_abs_luma_delta": 1.0351171493530273,
      "mean_abs_chroma_delta": 4.671494007110596,
      "psnr_vs_raw": 29.68911967597828,
      "raw_grad_mean": 0.5767266750335693,
      "final_grad_mean": 0.5793190002441406,
      "grad_mean_ratio": 1.0044948921530732,
      "raw_luma_std": 41.07143783569336,
      "final_luma_std": 41.16396713256836,
      "luma_std_ratio": 1.0022529363632202
    },
    {
      "stem": "chichaoyiwan.17",
      "mean_abs_bgr_delta": 12.540663719177246,
      "mean_abs_luma_delta": 1.0794824361801147,
      "mean_abs_chroma_delta": 8.518119812011719,
      "psnr_vs_raw": 24.719111707854452,
      "raw_grad_mean": 0.08051902800798416,
      "final_grad_mean": 0.0845969021320343,
      "grad_mean_ratio": 1.0506448373048038,
      "raw_luma_std": 4.4667744636535645,
      "final_luma_std": 5.132075309753418,
      "luma_std_ratio": 1.14894437789917
    },
    {
      "stem": "donghaiyuanjia.13",
      "mean_abs_bgr_delta": 9.975862503051758,
      "mean_abs_luma_delta": 1.7190136909484863,
      "mean_abs_chroma_delta": 9.443218231201172,
      "psnr_vs_raw": 26.177006964368857,
      "raw_grad_mean": 0.11295324563980103,
      "final_grad_mean": 0.12355485558509827,
      "grad_mean_ratio": 1.093858381770158,
      "raw_luma_std": 7.969227313995361,
      "final_luma_std": 8.679632186889648,
      "luma_std_ratio": 1.0891435146331787
    },
    {
      "stem": "donghaiyuanjia.4",
      "mean_abs_bgr_delta": 8.210540771484375,
      "mean_abs_luma_delta": 1.9731249809265137,
      "mean_abs_chroma_delta": 8.497461318969727,
      "psnr_vs_raw": 26.576180616781315,
      "raw_grad_mean": 0.0795777291059494,
      "final_grad_mean": 0.08286513388156891,
      "grad_mean_ratio": 1.041310599978696,
      "raw_luma_std": 5.919248580932617,
      "final_luma_std": 6.618261814117432,
      "luma_std_ratio": 1.1180915832519531
    },
    {
      "stem": "duolie.2",
      "mean_abs_bgr_delta": 1.20075523853302,
      "mean_abs_luma_delta": 0.9214648604393005,
      "mean_abs_chroma_delta": 0.5528027415275574,
      "psnr_vs_raw": 43.12055876412006,
      "raw_grad_mean": 0.34146368503570557,
      "final_grad_mean": 0.3491666316986084,
      "grad_mean_ratio": 1.022558608654208,
      "raw_luma_std": 24.65342140197754,
      "final_luma_std": 24.869415283203125,
      "luma_std_ratio": 1.0087611675262451
    },
    {
      "stem": "hailianzao.10",
      "mean_abs_bgr_delta": 4.199580192565918,
      "mean_abs_luma_delta": 0.89404296875,
      "mean_abs_chroma_delta": 2.727846622467041,
      "psnr_vs_raw": 33.72584774708741,
      "raw_grad_mean": 0.4461709260940552,
      "final_grad_mean": 0.44932833313941956,
      "grad_mean_ratio": 1.0070766736549348,
      "raw_luma_std": 22.452850341796875,
      "final_luma_std": 22.400035858154297,
      "luma_std_ratio": 0.997647762298584
    },
    {
      "stem": "haiyangkadun.18",
      "mean_abs_bgr_delta": 3.033574104309082,
      "mean_abs_luma_delta": 1.0832128524780273,
      "mean_abs_chroma_delta": 2.3899707794189453,
      "psnr_vs_raw": 37.658574784052206,
      "raw_grad_mean": 0.1305627077817917,
      "final_grad_mean": 0.13556167483329773,
      "grad_mean_ratio": 1.0382878549177528,
      "raw_luma_std": 12.904595375061035,
      "final_luma_std": 13.282987594604492,
      "luma_std_ratio": 1.0293222665786743
    },
    {
      "stem": "haiyangyuanjia.4",
      "mean_abs_bgr_delta": 3.0252604484558105,
      "mean_abs_luma_delta": 0.5401855707168579,
      "mean_abs_chroma_delta": 2.804384708404541,
      "psnr_vs_raw": 31.431767869950523,
      "raw_grad_mean": 0.5474264025688171,
      "final_grad_mean": 0.542996883392334,
      "grad_mean_ratio": 0.9919084645029799,
      "raw_luma_std": 62.96242904663086,
      "final_luma_std": 62.5015869140625,
      "luma_std_ratio": 0.9926806688308716
    },
    {
      "stem": "jiaomaozao.16",
      "mean_abs_bgr_delta": 1.6566699743270874,
      "mean_abs_luma_delta": 0.9597949385643005,
      "mean_abs_chroma_delta": 1.0336474180221558,
      "psnr_vs_raw": 41.09551925838086,
      "raw_grad_mean": 0.6000735759735107,
      "final_grad_mean": 0.6131516695022583,
      "grad_mean_ratio": 1.0217941483021256,
      "raw_luma_std": 18.420289993286133,
      "final_luma_std": 18.795467376708984,
      "luma_std_ratio": 1.0203676223754883
    },
    {
      "stem": "jiaomaozao.7",
      "mean_abs_bgr_delta": 0.9896028637886047,
      "mean_abs_luma_delta": 0.923876941204071,
      "mean_abs_chroma_delta": 0.1461181640625,
      "psnr_vs_raw": 46.28958498258903,
      "raw_grad_mean": 0.2752891182899475,
      "final_grad_mean": 0.2831248939037323,
      "grad_mean_ratio": 1.028463800654365,
      "raw_luma_std": 9.538884162902832,
      "final_luma_std": 9.86264419555664,
      "luma_std_ratio": 1.0339410305023193
    },
    {
      "stem": "lianzhuangluojia.11",
      "mean_abs_bgr_delta": 5.749322891235352,
      "mean_abs_luma_delta": 1.096132755279541,
      "mean_abs_chroma_delta": 2.978774309158325,
      "psnr_vs_raw": 32.198832577116704,
      "raw_grad_mean": 0.0525776669383049,
      "final_grad_mean": 0.05501974746584892,
      "grad_mean_ratio": 1.0464470872007785,
      "raw_luma_std": 7.331287860870361,
      "final_luma_std": 7.72840690612793,
      "luma_std_ratio": 1.0541677474975586
    },
    {
      "stem": "limayuanjia.16",
      "mean_abs_bgr_delta": 13.180901527404785,
      "mean_abs_luma_delta": 1.8470312356948853,
      "mean_abs_chroma_delta": 6.374477386474609,
      "psnr_vs_raw": 24.929412406465165,
      "raw_grad_mean": 0.1879621148109436,
      "final_grad_mean": 0.19540110230445862,
      "grad_mean_ratio": 1.0395770523300414,
      "raw_luma_std": 14.238999366760254,
      "final_luma_std": 14.434296607971191,
      "luma_std_ratio": 1.0137156248092651
    },
    {
      "stem": "lingxinghaixian.5",
      "mean_abs_bgr_delta": 11.61344051361084,
      "mean_abs_luma_delta": 0.13754883408546448,
      "mean_abs_chroma_delta": 9.618661880493164,
      "psnr_vs_raw": 26.54345914428662,
      "raw_grad_mean": 0.07627123594284058,
      "final_grad_mean": 0.08212006837129593,
      "grad_mean_ratio": 1.0766846279527182,
      "raw_luma_std": 3.4558165073394775,
      "final_luma_std": 3.7854719161987305,
      "luma_std_ratio": 1.0953915119171143
    },
    {
      "stem": "mishikailun.10",
      "mean_abs_bgr_delta": 12.129375457763672,
      "mean_abs_luma_delta": 0.8900097608566284,
      "mean_abs_chroma_delta": 6.787876129150391,
      "psnr_vs_raw": 24.952933688593824,
      "raw_grad_mean": 0.19492101669311523,
      "final_grad_mean": 0.1995842009782791,
      "grad_mean_ratio": 1.0239234503305623,
      "raw_luma_std": 13.225495338439941,
      "final_luma_std": 14.039041519165039,
      "luma_std_ratio": 1.0615134239196777
    },
    {
      "stem": "qiangzhuang.1",
      "mean_abs_bgr_delta": 11.958733558654785,
      "mean_abs_luma_delta": 1.1770117282867432,
      "mean_abs_chroma_delta": 7.558315277099609,
      "psnr_vs_raw": 24.54498400136267,
      "raw_grad_mean": 0.17376485466957092,