stem,mean_abs_bgr_delta,mean_abs_luma_delta,mean_abs_chroma_delta,psnr_vs_raw,raw_grad_mean,final_grad_mean,grad_mean_ratio,raw_luma_std,final_luma_std,luma_std_ratio
chazhuang.1,6.022942543029785,1.0351171493530273,4.671494007110596,29.68911967597828,0.5767266750335693,0.5793190002441406,1.0044948921530732,41.07143783569336,41.16396713256836,1.0022529363632202
haiyangkadun.18,3.033574104309082,1.0832128524780273,2.3899707794189453,37.658574784052206,0.1305627077817917,0.13556167483329773,1.0382878549177528,12.904595375061035,13.282987594604492,1.0293222665786743
lingxinghaixian.6,10.435338973999023,2.124941349029541,11.544106483459473,26.745611285119782,0.17417538166046143,0.1795729696750641,1.0309893793953921,7.974884510040283,8.003384590148926,1.0035737752914429
tama.14,5.073157787322998,1.041689395904541,2.6017041206359863,32.15805929981029,0.018154585734009743,0.02195858396589756,1.209533672543569,4.794126510620117,5.102356910705566,1.064293384552002
zhaixi.3,9.830989837646484,0.08506835997104645,7.810346603393555,27.547131591070148,0.1909513622522354,0.19684462249279022,1.0308626193611938,8.613985061645508,8.932487487792969,1.0369750261306763
