{
  "run_id": "smoke5_fast_imf_v5",
  "status": "complete_smoke_fast_imf_v5_visual_review_pending",
  "decision": "visual_review_before_168_gate",
  "manifest": "experiments\\full_flow_downstream_stage1_mainline_v1\\manifests\\smoke5_v1.txt",
  "output_root": "experiments\\full_flow_downstream_stage1_mainline_v1\\outputs\\smoke5_v1_fast_imf_v5",
  "expected_images": 5,
  "runtime_sec": 3.2,
  "sec_per_image": 0.64,
  "projected_168_min": 1.792,
  "stage_counts": {
    "jpg": {
      "BPH": 5,
      "IMF1Ray": 5,
      "RGHS": 5,
      "CLAHE": 5,
      "Fused": 5,
      "Final": 5
    },
    "png": {
      "BPH": 5,
      "IMF1Ray": 5,
      "RGHS": 5,
      "CLAHE": 5,
      "Fused": 5,
      "Final": 5
    }
  },
  "missing_files": [],
  "decode_failures": [],
  "final_rows": [
    {
      "stem": "chazhuang.1",
      "mean_abs_bgr_delta": 7.889589786529541,
      "mean_abs_luma_delta": 8.538427352905273,
      "mean_abs_chroma_delta": 3.901303768157959,
      "psnr_vs_raw": 28.724256393189357,
      "raw_grad_mean": 0.5767266750335693,
      "final_grad_mean": 0.6453601121902466,
      "grad_mean_ratio": 1.1190051353766102,
      "raw_luma_std": 41.07143783569336,
      "final_luma_std": 46.66167449951172,
      "luma_std_ratio": 1.1361100673675537
    },
    {
      "stem": "haiyangkadun.18",
      "mean_abs_bgr_delta": 9.149476051330566,
      "mean_abs_luma_delta": 6.5654296875,
      "mean_abs_chroma_delta": 2.5084619522094727,
      "psnr_vs_raw": 27.892037027114736,
      "raw_grad_mean": 0.1305627077817917,
      "final_grad_mean": 0.22796086966991425,
      "grad_mean_ratio": 1.745987593217779,
      "raw_luma_std": 12.904595375061035,
      "final_luma_std": 16.688016891479492,
      "luma_std_ratio": 1.2931840419769287
    },
    {
      "stem": "lingxinghaixian.6",
      "mean_abs_bgr_delta": 9.459742546081543,
      "mean_abs_luma_delta": 9.936445236206055,
      "mean_abs_chroma_delta": 11.24789047241211,
      "psnr_vs_raw": 27.44220701899705,
      "raw_grad_mean": 0.17417538166046143,
      "final_grad_mean": 0.2198735475540161,
      "grad_mean_ratio": 1.262368678027474,
      "raw_luma_std": 7.974884510040283,
      "final_luma_std": 10.830249786376953,
      "luma_std_ratio": 1.3580447435379028
    },
    {
      "stem": "tama.14",
      "mean_abs_bgr_delta": 8.85928726196289,
      "mean_abs_luma_delta": 3.774726629257202,
      "mean_abs_chroma_delta": 4.318637847900391,
      "psnr_vs_raw": 27.371829048458313,
      "raw_grad_mean": 0.018154585734009743,
      "final_grad_mean": 0.042293328791856766,
      "grad_mean_ratio": 2.3296222277881387,
      "raw_luma_std": 4.794126510620117,
      "final_luma_std": 6.754354000091553,
      "luma_std_ratio": 1.4088810682296753
    },
    {
      "stem": "zhaixi.3",
      "mean_abs_bgr_delta": 6.0103254318237305,
      "mean_abs_luma_delta": 9.963837623596191,
      "mean_abs_chroma_delta": 6.799961090087891,
      "psnr_vs_raw": 29.17887039771091,
      "raw_grad_mean": 0.1909513622522354,
      "final_grad_mean": 0.21782764792442322,
      "grad_mean_ratio": 1.1407493731096636,
      "raw_luma_std": 8.613985061645508,
      "final_luma_std": 10.96509075164795,
      "luma_std_ratio": 1.2729405164718628
    }
  ],
  "mean_metrics": {
    "mean_abs_bgr_delta": 8.273684215545654,
    "mean_abs_luma_delta": 7.755773305892944,
    "mean_abs_chroma_delta": 5.755251026153564,
    "psnr_vs_raw": 28.121839977094073,
    "raw_grad_mean": 0.2181141424924135,
    "final_grad_mean": 0.2706631012260914,
    "grad_mean_ratio": 1.5195466015039334,
    "raw_luma_std": 15.071805858612061,
    "final_luma_std": 18.379877185821535,
    "luma_std_ratio": 1.2938320875167846
  },
  "metrics_csv": "experiments\\full_flow_downstream_stage1_mainline_v1\\full_flow_downstream_stage1_mainline_v1_smoke5_fast_imf_v5_metrics_20260527.csv",
  "stage_metrics_csv": "experiments\\full_flow_downstream_stage1_mainline_v1\\full_flow_downstream_stage1_mainline_v1_smoke5_fast_imf_v5_stage_metrics_20260527.csv",
  "visual_panels": [
    "experiments\\full_flow_downstream_stage1_mainline_v1\\diagnostics\\smoke5_fast_imf_v5\\chazhuang.1_panel.jpg",
    "experiments\\full_flow_downstream_stage1_mainline_v1\\diagnostics\\smoke5_fast_imf_v5\\haiyangkadun.18_panel.jpg",
    "experiments\\full_flow_downstream_stage1_mainline_v1\\diagnostics\\smoke5_fast_imf_v5\\lingxinghaixian.6_panel.jpg",
    "experiments\\full_flow_downstream_stage1_mainline_v1\\diagnostics\\smoke5_fast_imf_v5\\tama.14_panel.jpg",
    "experiments\\full_flow_downstream_stage1_mainline_v1\\diagnostics\\smoke5_fast_imf_v5\\zhaixi.3_panel.jpg"
  ]
}