{
  "created_at": "2026-04-12T23:05:20",
  "project_root": "D:\\Desktop\\Stage1Codex",
  "original_dir": "D:\\Desktop\\Stage1Codex\\data\\inputImg\\Original",
  "resize_to": [
    320,
    320
  ],
  "summary_policy": "complete_cases_across_all_methods",
  "planned_stem_count": 92,
  "complete_success_count": 92,
  "failure_count": 0,
  "methods": {
    "BPH": {
      "directory": "D:\\Desktop\\Stage1Codex\\results\\png\\BPH",
      "complete_case_count": 92,
      "metrics": {
        "EME": {
          "count": 92,
          "nonfinite": 0,
          "mean": 2.506383593765142,
          "std": 1.765962506659193,
          "median": 1.8900614862208576,
          "min": 0.5461443232716856,
          "max": 7.8851825677450655
        },
        "EMEE": {
          "count": 92,
          "nonfinite": 0,
          "mean": 0.4377123669294024,
          "std": 0.09718429742174259,
          "median": 0.40377382993010535,
          "min": 0.32991072948321265,
          "max": 0.7358524924905508
        },
        "Entropy": {
          "count": 92,
          "nonfinite": 0,
          "mean": 4.000106853275983,
          "std": 1.2992041521536564,
          "median": 3.8127123359401445,
          "min": 1.76623919375052,
          "max": 6.7715836658616055
        },
        "Contrast": {
          "count": 92,
          "nonfinite": 0,
          "mean": 27.974749876482207,
          "std": 26.539743498120707,
          "median": 18.097891359717867,
          "min": 4.611001175548589,
          "max": 163.1444749216301
        },
        "AvgGra": {
          "count": 92,
          "nonfinite": 0,
          "mean": 2.9032863520380268,
          "std": 2.1098521967677404,
          "median": 2.0290338026707735,
          "min": 0.7426056795714869,
          "max": 9.544205735520107
        },
        "SIFT_KP": {
          "count": 92,
          "nonfinite": 0,
          "mean": 387.04347826086956,
          "std": 349.2047771301395,
          "median": 252.0,
          "min": 16.0,
          "max": 2003.0
        },
        "MS_SSIM": {
          "count": 92,
          "nonfinite": 0,
          "mean": 0.9977647953707239,
          "std": 0.006710837625309315,
          "median": 0.9990869462490082,
          "min": 0.9418693780899048,
          "max": 0.9999986886978149
        },
        "PSNR": {
          "count": 92,
          "nonfinite": 0,
          "mean": 48.57477277250053,
          "std": 6.610982081648972,
          "median": 49.10828813836188,
          "min": 29.231903843665826,
          "max": 75.82831069225118
        },
        "UCIQE": {
          "count": 92,
          "nonfinite": 0,
          "mean": 2.946363002061844,
          "std": 1.6307345836907672,
          "median": 2.7461283206939697,
          "min": 0.5491894483566284,
          "max": 7.8133697509765625
        },
        "UIQM": {
          "count": 92,
          "nonfinite": 0,
          "mean": 7.055110123017431,
          "std": 5.023676194894149,
          "median": 4.9784646213054655,
          "min": 1.569076861140132,
          "max": 20.00429475758076
        }
      }
    },
    "IMF1Ray": {
      "directory": "D:\\Desktop\\Stage1Codex\\results\\png\\IMF1Ray",
      "complete_case_count": 92,
      "metrics": {
        "EME": {
          "count": 92,
          "nonfinite": 0,
          "mean": 5.270117526588508,
          "std": 3.383725814679346,
          "median": 3.9992328292265684,
          "min": 1.759927743829317,
          "max": 16.388225910497496
        },
        "EMEE": {
          "count": 92,
          "nonfinite": 0,
          "mean": 0.592537332605415,
          "std": 0.18828209846534313,
          "median": 0.5221317023241544,
          "min": 0.3973432915523114,
          "max": 1.2286864132366992
        },
        "Entropy": {
          "count": 92,
          "nonfinite": 0,
          "mean": 4.5535790743228635,
          "std": 1.0254497002008587,
          "median": 4.222520405795871,
          "min": 3.2865181658136917,
          "max": 6.598965359356279
        },
        "Contrast": {
          "count": 92,
          "nonfinite": 0,
          "mean": 221.4970412166076,
          "std": 159.33566690823372,
          "median": 148.58784286833856,
          "min": 70.7423834247649,
          "max": 1044.9429418103448
        },
        "AvgGra": {
          "count": 92,
          "nonfinite": 0,
          "mean": 7.413766631589293,
          "std": 5.030621880152068,
          "median": 5.0229490373123955,
          "min": 2.7995939752224337,
          "max": 27.27744372736254
        },
        "SIFT_KP": {
          "count": 92,
          "nonfinite": 0,
          "mean": 1669.0217391304348,
          "std": 1968.9984100191257,
          "median": 854.5,
          "min": 384.0,
          "max": 14021.0
        },
        "MS_SSIM": {
          "count": 92,
          "nonfinite": 0,
          "mean": 0.7737416871215986,
          "std": 0.07483253872796498,
          "median": 0.7844010591506958,
          "min": 0.5280436873435974,
          "max": 0.9181734919548035
        },
        "PSNR": {
          "count": 92,
          "nonfinite": 0,
          "mean": 21.27035552652335,
          "std": 1.055185050840583,
          "median": 21.112626783401183,
          "min": 18.578049311471503,
          "max": 24.85806138133472
        },
        "UCIQE": {
          "count": 92,
          "nonfinite": 0,
          "mean": 2.9047999641169673,
          "std": 1.5861438502263252,
          "median": 2.6709470748901367,
          "min": 0.5675287246704102,
          "max": 7.706433296203613
        },
        "UIQM": {
          "count": 92,
          "nonfinite": 0,
          "mean": 12.362839349995165,
          "std": 7.839560812561521,
          "median": 9.628744314080476,
          "min": 3.6408027557134632,
          "max": 33.17391216349602
        }
      }
    },
    "RGHS": {
      "directory": "D:\\Desktop\\Stage1Codex\\results\\png\\RGHS",
      "complete_case_count": 92,
      "metrics": {
        "EME": {
          "count": 92,
          "nonfinite": 0,
          "mean": 10.718563428519776,
          "std": 5.368565585033181,
          "median": 9.234895996755181,
          "min": 3.920622502996897,
          "max": 31.71825438193967
        },
        "EMEE": {
          "count": 92,
          "nonfinite": 0,
          "mean": 0.9169649792323702,
          "std": 0.30619570470978025,
          "median": 0.8192132324904149,
          "min": 0.5273545061041741,
          "max": 2.1109333590383588
        },
        "Entropy": {
          "count": 92,
          "nonfinite": 0,
          "mean": 5.928104259484598,
          "std": 0.9836618064226357,
          "median": 5.784690802920034,
          "min": 4.008203873502284,
          "max": 7.840383221220032
        },
        "Contrast": {
          "count": 92,
          "nonfinite": 0,
          "mean": 292.64328861847486,
          "std": 177.2288074684144,
          "median": 239.22189704153607,
          "min": 25.941913205329154,
          "max": 943.5845023510972
        },
        "AvgGra": {
          "count": 92,
          "nonfinite": 0,
          "mean": 9.29599164672268,
          "std": 5.761038491908545,
          "median": 7.394236103656782,
          "min": 3.292738735934894,
          "max": 31.30917700217267
        },
        "SIFT_KP": {
          "count": 92,
          "nonfinite": 0,
          "mean": 1640.4782608695652,
          "std": 2064.237455155424,
          "median": 901.5,
          "min": 95.0,
          "max": 10231.0
        },
        "MS_SSIM": {
          "count": 92,
          "nonfinite": 0,
          "mean": 0.7189469078312749,
          "std": 0.09880329003826414,
          "median": 0.7184369266033173,
          "min": 0.44015833735466003,
          "max": 0.9621741771697998
        },
        "PSNR": {
          "count": 92,
          "nonfinite": 0,
          "mean": 14.85375939633568,
          "std": 2.3044807287522477,