{
  "run_id": "ff02_smoke25_v1",
  "status": "complete_broader_smoke_review_pending",
  "decision": "review_before_168",
  "manifest": "experiments\\full_flow_downstream_stage1_mainline_v1\\manifests\\smoke25_v1.txt",
  "output_root": "experiments\\full_flow_downstream_stage1_mainline_v2\\outputs\\smoke25_v1",
  "expected_images": 25,
  "runtime_sec": 11.55,
  "sec_per_image": 0.462,
  "projected_168_min": 1.2936,
  "stage_counts": {
    "jpg": {
      "BPH": 25,
      "IMF1Ray": 25,
      "RGHS": 25,
      "CLAHE": 25,
      "Fused": 25,
      "Final": 25
    },
    "png": {
      "BPH": 25,
      "IMF1Ray": 25,
      "RGHS": 25,
      "CLAHE": 25,
      "Fused": 25,
      "Final": 25
    }
  },
  "missing_files": [],
  "decode_failures": [],
  "final_rows": [
    {
      "stem": "chazhuang.1",
      "mean_abs_bgr_delta": 6.836142539978027,
      "mean_abs_luma_delta": 1.0811327695846558,
      "mean_abs_chroma_delta": 5.296953201293945,
      "psnr_vs_raw": 28.70239000972813,
      "raw_grad_mean": 0.5767266750335693,
      "final_grad_mean": 0.5151687860488892,
      "grad_mean_ratio": 0.8932633211835391,
      "raw_luma_std": 41.07143783569336,
      "final_luma_std": 40.93146514892578,
      "luma_std_ratio": 0.9965919852256775
    },
    {
      "stem": "chichaoyiwan.17",
      "mean_abs_bgr_delta": 19.33148765563965,
      "mean_abs_luma_delta": 1.0315039157867432,
      "mean_abs_chroma_delta": 12.676338195800781,
      "psnr_vs_raw": 20.765097239720717,
      "raw_grad_mean": 0.08051902800798416,
      "final_grad_mean": 0.07331934571266174,
      "grad_mean_ratio": 0.9105840770309276,
      "raw_luma_std": 4.4667744636535645,
      "final_luma_std": 4.732137680053711,
      "luma_std_ratio": 1.059408187866211
    },
    {
      "stem": "donghaiyuanjia.13",
      "mean_abs_bgr_delta": 13.96939754486084,
      "mean_abs_luma_delta": 0.816601574420929,
      "mean_abs_chroma_delta": 13.854413986206055,
      "psnr_vs_raw": 21.67291732635636,
      "raw_grad_mean": 0.11295324563980103,
      "final_grad_mean": 0.12246659398078918,
      "grad_mean_ratio": 1.0842237618129338,
      "raw_luma_std": 7.969227313995361,
      "final_luma_std": 8.243202209472656,
      "luma_std_ratio": 1.0343791246414185
    },
    {
      "stem": "donghaiyuanjia.4",
      "mean_abs_bgr_delta": 13.473027229309082,
      "mean_abs_luma_delta": 1.1567773818969727,
      "mean_abs_chroma_delta": 13.401459693908691,
      "psnr_vs_raw": 21.756450539894246,
      "raw_grad_mean": 0.0795777291059494,
      "final_grad_mean": 0.08308661729097366,
      "grad_mean_ratio": 1.0440938335430345,
      "raw_luma_std": 5.919248580932617,
      "final_luma_std": 6.150952339172363,
      "luma_std_ratio": 1.0391441583633423
    },
    {
      "stem": "duolie.2",
      "mean_abs_bgr_delta": 1.3140169382095337,
      "mean_abs_luma_delta": 0.9808788895606995,
      "mean_abs_chroma_delta": 0.6970751881599426,
      "psnr_vs_raw": 42.99148674399581,
      "raw_grad_mean": 0.34146368503570557,
      "final_grad_mean": 0.3172837793827057,
      "grad_mean_ratio": 0.9291874725136321,
      "raw_luma_std": 24.65342140197754,
      "final_luma_std": 24.64330291748047,
      "luma_std_ratio": 0.9995895624160767
    },
    {
      "stem": "hailianzao.10",
      "mean_abs_bgr_delta": 4.995309352874756,
      "mean_abs_luma_delta": 1.1676465272903442,
      "mean_abs_chroma_delta": 3.126084089279175,
      "psnr_vs_raw": 32.47425410717647,
      "raw_grad_mean": 0.4461709260940552,
      "final_grad_mean": 0.39137786626815796,
      "grad_mean_ratio": 0.8771926687765862,
      "raw_luma_std": 22.452850341796875,
      "final_luma_std": 22.11402130126953,
      "luma_std_ratio": 0.9849092960357666
    },
    {
      "stem": "haiyangkadun.18",
      "mean_abs_bgr_delta": 3.6111555099487305,
      "mean_abs_luma_delta": 1.0811035633087158,
      "mean_abs_chroma_delta": 2.801753044128418,
      "psnr_vs_raw": 36.181161214069256,
      "raw_grad_mean": 0.1305627077817917,
      "final_grad_mean": 0.11977091431617737,
      "grad_mean_ratio": 0.9173439754252453,
      "raw_luma_std": 12.904595375061035,
      "final_luma_std": 12.961637496948242,
      "luma_std_ratio": 1.004420280456543
    },
    {
      "stem": "haiyangyuanjia.4",
      "mean_abs_bgr_delta": 3.837831974029541,
      "mean_abs_luma_delta": 0.8152050971984863,
      "mean_abs_chroma_delta": 3.427748918533325,
      "psnr_vs_raw": 30.60608062883618,
      "raw_grad_mean": 0.5474264025688171,
      "final_grad_mean": 0.4829670190811157,
      "grad_mean_ratio": 0.8822501361507709,
      "raw_luma_std": 62.96242904663086,
      "final_luma_std": 62.2078971862793,
      "luma_std_ratio": 0.9880161285400391
    },
    {
      "stem": "jiaomaozao.16",
      "mean_abs_bgr_delta": 1.9719010591506958,
      "mean_abs_luma_delta": 1.2870019674301147,
      "mean_abs_chroma_delta": 0.9823925495147705,
      "psnr_vs_raw": 39.689289143587466,
      "raw_grad_mean": 0.6000735759735107,
      "final_grad_mean": 0.5059555172920227,
      "grad_mean_ratio": 0.8431558007333446,
      "raw_luma_std": 18.420289993286133,
      "final_luma_std": 17.753494262695312,
      "luma_std_ratio": 0.9638010263442993
    },
    {
      "stem": "jiaomaozao.7",
      "mean_abs_bgr_delta": 1.1666178703308105,
      "mean_abs_luma_delta": 1.0244531631469727,
      "mean_abs_chroma_delta": 0.23250488936901093,
      "psnr_vs_raw": 44.69249453352239,
      "raw_grad_mean": 0.2752891182899475,
      "final_grad_mean": 0.24544313549995422,
      "grad_mean_ratio": 0.8915831331547902,
      "raw_luma_std": 9.538884162902832,
      "final_luma_std": 9.39855670928955,
      "luma_std_ratio": 0.9852889180183411
    },
    {
      "stem": "lianzhuangluojia.11",
      "mean_abs_bgr_delta": 7.033027172088623,
      "mean_abs_luma_delta": 1.0686718225479126,
      "mean_abs_chroma_delta": 3.7179393768310547,
      "psnr_vs_raw": 30.46365231153559,
      "raw_grad_mean": 0.0525776669383049,
      "final_grad_mean": 0.054801587015390396,
      "grad_mean_ratio": 1.042297788477326,
      "raw_luma_std": 7.331287860870361,
      "final_luma_std": 7.409748554229736,
      "luma_std_ratio": 1.010702133178711
    },
    {
      "stem": "limayuanjia.16",
      "mean_abs_bgr_delta": 15.929924964904785,
      "mean_abs_luma_delta": 1.2084180116653442,
      "mean_abs_chroma_delta": 8.0219144821167,
      "psnr_vs_raw": 23.137982055469962,
      "raw_grad_mean": 0.1879621148109436,
      "final_grad_mean": 0.16932155191898346,
      "grad_mean_ratio": 0.9008280801078594,
      "raw_luma_std": 14.238999366760254,
      "final_luma_std": 14.185935974121094,
      "luma_std_ratio": 0.996273398399353
    },
    {
      "stem": "lingxinghaixian.5",
      "mean_abs_bgr_delta": 13.310439109802246,
      "mean_abs_luma_delta": 0.14133788645267487,
      "mean_abs_chroma_delta": 11.3379545211792,
      "psnr_vs_raw": 25.33274512741269,
      "raw_grad_mean": 0.07627123594284058,
      "final_grad_mean": 0.07908789068460464,
      "grad_mean_ratio": 1.0369294357173588,
      "raw_luma_std": 3.4558165073394775,
      "final_luma_std": 3.5768680572509766,
      "luma_std_ratio": 1.035028338432312
    },
    {
      "stem": "mishikailun.10",
      "mean_abs_bgr_delta": 13.219947814941406,
      "mean_abs_luma_delta": 0.6497753858566284,
      "mean_abs_chroma_delta": 7.340053558349609,
      "psnr_vs_raw": 24.2261256035346,
      "raw_grad_mean": 0.19492101669311523,
      "final_grad_mean": 0.15659549832344055,
      "grad_mean_ratio": 0.803379236250374,
      "raw_luma_std": 13.225495338439941,
      "final_luma_std": 13.352336883544922,
      "luma_std_ratio": 1.0095906257629395
    },
    {
      "stem": "qiangzhuang.1",
      "mean_abs_bgr_delta": 19.18228530883789,
      "mean_abs_luma_delta": 1.000644564628601,
      "mean_abs_chroma_delta": 11.883784294128418,
      "psnr_vs_raw": 20.310738316352367,
      "raw_grad_mean": 0.17376485466957092,
      "final_grad_mean": 0.16286320984363556,