stem,mean_abs_bgr_delta,mean_abs_luma_delta,mean_abs_chroma_delta,psnr_vs_raw,raw_grad_mean,final_grad_mean,grad_mean_ratio,raw_luma_std,final_luma_std,luma_std_ratio
chazhuang.1,6.836142539978027,1.0811327695846558,5.296953201293945,28.70239000972813,0.5767266750335693,0.5151687860488892,0.8932633211835391,41.07143783569336,40.93146514892578,0.9965919852256775
haiyangkadun.18,3.6111555099487305,1.0811035633087158,2.801753044128418,36.181161214069256,0.1305627077817917,0.11977091431617737,0.9173439754252453,12.904595375061035,12.961637496948242,1.004420280456543
lingxinghaixian.6,12.998261451721191,0.27657225728034973,14.007885932922363,23.90294055312588,0.17417538166046143,0.16970659792423248,0.9743431897896822,7.974884510040283,7.845822334289551,0.9838164448738098
tama.14,6.249840259552002,0.9014453291893005,3.4246485233306885,30.242645671559227,0.018154585734009743,0.02624308317899704,1.4455345948379414,4.794126510620117,4.916334629058838,1.0254912376403809
zhaixi.3,10.942102432250977,0.3351367115974426,8.933080673217773,26.7153638696433,0.1909513622522354,0.17429275810718536,0.9127599569789663,8.613985061645508,8.512434959411621,0.9882110357284546
