stem,mean_abs_bgr_delta,mean_abs_luma_delta,mean_abs_chroma_delta,psnr_vs_raw,raw_grad_mean,final_grad_mean,grad_mean_ratio,raw_luma_std,final_luma_std,luma_std_ratio
weixiaoyuanjia.26,31.013063430786133,0.9966406226158142,15.180039405822754,16.435254230691406,0.07389680296182632,0.07364627718925476,0.996609775265775,5.069031238555908,5.065505504608154,0.9993044558652073
xuehong.9,7.7305827140808105,0.9617089629173279,4.351723670959473,28.271447503395745,0.22281330823898315,0.22375521063804626,1.004227312103932,14.461981773376465,14.46788501739502,1.0004081904617674
donghaiyuanjia.26,29.980703353881836,0.9948534965515137,14.596762657165527,16.581987058962063,0.11046558618545532,0.11012023687362671,0.996873684188644,3.8546574115753174,3.8501384258270264,0.9988276554140587
tama.14,7.769020080566406,0.9254687428474426,3.995537042617798,28.573526020356105,0.018154585734009743,0.02093043178319931,1.1529004812866086,4.794126510620117,4.816369533538818,1.0046396401648534
jianci.4,14.410764694213867,0.0979296863079071,14.145282745361328,23.992349828037316,0.047591790556907654,0.04834601283073425,1.0158477176242617,2.3706016540527344,2.4380502700805664,1.028452108300891
