{
  "created_at": "2026-04-23T20:59:44",
  "project_root": "D:\\Desktop\\Stage1Codex",
  "original_dir": "D:\\Desktop\\Stage1Codex\\data\\inputImg\\Original",
  "resize_to": [
    320,
    320
  ],
  "summary_policy": "complete_cases_across_all_methods",
  "planned_stem_count": 502,
  "complete_success_count": 502,
  "failure_count": 0,
  "methods": {
    "BPH": {
      "directory": "D:\\Desktop\\Stage1Codex\\experiments\\h2-full506-direct\\outputs\\full506\\runs\\full506_final_mainline\\png\\BPH",
      "complete_case_count": 502,
      "metrics": {
        "EME": {
          "count": 502,
          "nonfinite": 0,
          "mean": 2.56482463565875,
          "std": 2.6126731724900627,
          "median": 1.8028690214021679,
          "min": 0.20357210717506316,
          "max": 30.108748120849327
        },
        "EMEE": {
          "count": 502,
          "nonfinite": 0,
          "mean": 0.4398328048461916,
          "std": 0.14439040198872835,
          "median": 0.398748557760193,
          "min": 0.03023201649977343,
          "max": 1.9868360417809778
        },
        "Entropy": {
          "count": 502,
          "nonfinite": 0,
          "mean": 3.882283000779109,
          "std": 1.1955728672720274,
          "median": 3.8250990551843094,
          "min": 0.3276211055465773,
          "max": 7.779721081585479
        },
        "Contrast": {
          "count": 502,
          "nonfinite": 0,
          "mean": 26.0603788412182,
          "std": 32.9413639158959,
          "median": 15.780023021159874,
          "min": 0.23029976489028214,
          "max": 411.6719729623824
        },
        "AvgGra": {
          "count": 502,
          "nonfinite": 0,
          "mean": 2.796329524420557,
          "std": 2.425433225180189,
          "median": 1.8917859936334624,
          "min": 0.14033147860978248,
          "max": 21.08102247252868
        },
        "MS_SSIM": {
          "count": 502,
          "nonfinite": 0,
          "mean": 0.9987711329384154,
          "std": 0.00325701397176154,
          "median": 0.999191552400589,
          "min": 0.9474580883979797,
          "max": 1.0000113248825073
        },
        "PSNR": {
          "count": 502,
          "nonfinite": 0,
          "mean": 53.38486756053187,
          "std": 31.278799991832358,
          "median": 50.124775359890464,
          "min": 28.68661117925352,
          "max": 361.20199909921956
        },
        "UCIQE": {
          "count": 502,
          "nonfinite": 0,
          "mean": 2.220767465416357,
          "std": 1.644454557406588,
          "median": 1.9576032161712646,
          "min": 0.035230591893196106,
          "max": 8.516826629638672
        },
        "UIQM": {
          "count": 502,
          "nonfinite": 0,
          "mean": 6.9855552461462755,
          "std": 6.383919575274652,
          "median": 4.698041686692834,
          "min": 0.498516936545819,
          "max": 57.22130644836425
        }
      }
    },
    "IMF1Ray": {
      "directory": "D:\\Desktop\\Stage1Codex\\experiments\\h2-full506-direct\\outputs\\full506\\runs\\full506_final_mainline\\png\\IMF1Ray",
      "complete_case_count": 502,
      "metrics": {
        "EME": {
          "count": 502,
          "nonfinite": 0,
          "mean": 5.188243067662202,
          "std": 4.0480244410903286,
          "median": 3.7020948143048926,
          "min": 0.7127715598233655,
          "max": 35.535042150197214
        },
        "EMEE": {
          "count": 502,
          "nonfinite": 0,
          "mean": 0.5883692199872315,
          "std": 0.22673202988094024,
          "median": 0.5046260931335804,
          "min": 0.33901253203241066,
          "max": 2.306697998001837
        },
        "Entropy": {
          "count": 502,
          "nonfinite": 0,
          "mean": 4.420929083126268,
          "std": 1.004562040479995,
          "median": 4.251137840912704,
          "min": 0.2020862579004967,
          "max": 6.825288439016876
        },
        "Contrast": {
          "count": 502,
          "nonfinite": 0,
          "mean": 197.68411284329767,
          "std": 180.24558069145064,
          "median": 130.7325235109718,
          "min": 14.270606387147335,
          "max": 1556.082014106583
        },
        "AvgGra": {
          "count": 502,
          "nonfinite": 0,
          "mean": 6.8659261495645625,
          "std": 5.160697388477981,
          "median": 4.907259243444086,
          "min": 0.8488470987707697,
          "max": 36.45063847400705
        },
        "MS_SSIM": {
          "count": 502,
          "nonfinite": 0,
          "mean": 0.7724477271159806,
          "std": 0.12603678041734728,
          "median": 0.7942280471324921,
          "min": 0.0,
          "max": 0.9650166630744934
        },
        "PSNR": {
          "count": 502,
          "nonfinite": 0,
          "mean": 22.18343528898967,
          "std": 1.8695078566443815,
          "median": 21.95065159044006,
          "min": 16.04041433585874,
          "max": 30.647280201137054
        },
        "UCIQE": {
          "count": 502,
          "nonfinite": 0,
          "mean": 2.1772276148036775,
          "std": 1.5981470202588959,
          "median": 1.9376792907714844,
          "min": 0.037375930696725845,
          "max": 7.890224456787109
        },
        "UIQM": {
          "count": 502,
          "nonfinite": 0,
          "mean": 12.15910580302742,
          "std": 8.78259746183171,
          "median": 9.43193340190053,
          "min": 1.6572865906868128,
          "max": 66.63694074651002
        }
      }
    },
    "RGHS": {
      "directory": "D:\\Desktop\\Stage1Codex\\experiments\\h2-full506-direct\\outputs\\full506\\runs\\full506_final_mainline\\png\\RGHS",
      "complete_case_count": 502,
      "metrics": {
        "EME": {
          "count": 502,
          "nonfinite": 0,
          "mean": 10.991343011884135,
          "std": 5.976318442370287,
          "median": 9.33537512911291,
          "min": 0.6696341301438616,
          "max": 31.93073756740615
        },
        "EMEE": {
          "count": 502,
          "nonfinite": 0,
          "mean": 0.928295873864697,
          "std": 0.34227487135049955,
          "median": 0.8409046723903307,
          "min": 0.04355509153463181,
          "max": 2.1689592808831324
        },
        "Entropy": {
          "count": 502,
          "nonfinite": 0,
          "mean": 5.949023010330232,
          "std": 1.0513808087474925,
          "median": 6.1392692975101255,
          "min": 0.33728953039397547,
          "max": 7.842367874352472
        },
        "Contrast": {
          "count": 502,
          "nonfinite": 0,
          "mean": 301.09639615519114,
          "std": 222.940459043517,
          "median": 235.2349529780564,
          "min": 19.55267437304075,
          "max": 1336.489096786834
        },
        "AvgGra": {
          "count": 502,
          "nonfinite": 0,
          "mean": 9.92591739102523,
          "std": 6.6000332480393125,
          "median": 8.10912533070579,
          "min": 0.6547338319203989,
          "max": 38.56029831560808
        },
        "MS_SSIM": {
          "count": 502,
          "nonfinite": 0,
          "mean": 0.6862069079541115,
          "std": 0.16568024042691726,
          "median": 0.7186192572116852,
          "min": 0.1377870738506317,
          "max": 0.9893471002578735
        },
        "PSNR": {
          "count": 502,
          "nonfinite": 0,
          "mean": 14.990503256737824,
          "std": 3.8542150359431724,
          "median": 14.620881050574091,
          "min": 4.93648369434124,
          "max": 29.09125985602219
        },
        "UCIQE": {
          "count": 502,
          "nonfinite": 0,
          "mean": 2.0246987455632106,
          "std": 1.3997400341845747,
          "median": 1.7187462449073792,
          "min": 0.2779381573200226,
          "max": 7.005790710449219
        },
        "UIQM": {
          "count": 502,
          "nonfinite": 0,